full_team_name,team_name,real_team_name,league_id,league_name,team_id,division_id,division_name,division_full_name,conference_id,conference_name,conference_full_name,league,team_league_id,city_name,state_name,country,stadium_id,orig_logo_name,curl_cmd
Anaheim_Ducks,anaheim_ducks,Anaheim Ducks,5,nhl,1001,131,Pacific, Pacific,113,Western, Western Conference,NHL,125,anaheim,ca,us,163.0,Anaheim_Ducks_logo_2024.svg.png,https://upload.wikimedia.org/wikipedia/en/thumb/9/95/Anaheim_Ducks_logo_2024.svg/1144px-Anaheim_Ducks_logo_2024.svg.png
Arizona_Cardinals,arizona_cardinals,Arizona Cardinals,4,nfl,1002,126,West, NFC West,110,NFC, National Football Conference,NFL,129,glendale,az,us,223.0,Arizona_Cardinals_logo.svg.png,https://upload.wikimedia.org/wikipedia/en/thumb/7/72/Arizona_Cardinals_logo.svg/1139px-Arizona_Cardinals_logo.svg.png
Arizona_Diamondbacks,arizona_diamondbacks,Arizona Diamondbacks,1,mlb,1003,107,West, NL West,103,NL, National League,MLB,116,phoenix,az,us,128.0,arizona_diamondbacks_logo.png,https://upload.wikimedia.org/wikipedia/commons/thumb/a/ac/Arizona_Diamondbacks_logo_teal.svg/1211px-Arizona_Diamondbacks_logo_teal.svg.png
Atlanta_Braves,atlanta_braves,Atlanta Braves,1,mlb,1004,106,East, NL East,103,NL, National League,MLB,126,atlanta,ga,us,234.0,Atlanta_Braves.svg.png,https://upload.wikimedia.org/wikipedia/en/thumb/f/f2/Atlanta_Braves.svg/1024px-Atlanta_Braves.svg.png
Atlanta_Dream,atlanta_dream,Atlanta Dream,6,wnba,1005,133,Eastern, Eastern Conference,115,Eastern, Eastern Conference,WNBA,101,atlanta,ga,us,153.0,Atlanta_Dream_logo.png,https://upload.wikimedia.org/wikipedia/en/thumb/5/54/Atlanta_Dream_logo.svg/970px-Atlanta_Dream_logo.svg.png
Atlanta_Falcons,atlanta_falcons,Atlanta Falcons,4,nfl,1006,125,South, NFC South,110,NFC, National Football Conference,NFL,125,atlanta,ga,us,182.0,Atlanta_Falcons_logo.svg.png,https://upload.wikimedia.org/wikipedia/en/thumb/c/c5/Atlanta_Falcons_logo.svg/1081px-Atlanta_Falcons_logo.svg.png
Atlanta_Hawks,atlanta_hawks,Atlanta Hawks,3,nba,1007,114,Southeast, Southeast,106,Eastern, Eastern Conference,NBA,111,atlanta,ga,us,222.0,Atlanta_Hawks_logo.svg.png,https://upload.wikimedia.org/wikipedia/en/thumb/2/24/Atlanta_Hawks_logo.svg/1024px-Atlanta_Hawks_logo.svg.png
Atlanta_United_Fc,atlanta_united_fc,Atlanta United FC,2,mls,1008,109,Eastern, Eastern Conference,105,Eastern, Eastern Conference,MLS,101,atlanta,ga,us,182.0,Atlanta_MLS.png,https://upload.wikimedia.org/wikipedia/en/thumb/b/bb/Atlanta_MLS.svg/1024px-Atlanta_MLS.svg.png
Austin_Fc,austin_fc,Austin FC,2,mls,1009,110,Western, Western Conference,106,Western, Western Conference,MLS,116,austin,tx,us,204.0,Austin_FC_logo.svg.png,https://upload.wikimedia.org/wikipedia/en/thumb/8/85/Austin_FC_logo.svg/786px-Austin_FC_logo.svg.png
Baltimore_Orioles,baltimore_orioles,Baltimore Orioles,1,mlb,1010,103,East, AL East,102,AL, American League,MLB,101,baltimore,md,us,193.0,Baltimore_Orioles_Script.svg.png,https://upload.wikimedia.org/wikipedia/commons/thumb/e/e9/Baltimore_Orioles_Script.svg/1024px-Baltimore_Orioles_Script.svg.png
Baltimore_Ravens,baltimore_ravens,Baltimore Ravens,4,nfl,1011,120,North, AFC North,109,AFC, American Football Conference,NFL,105,baltimore,md,us,180.0,Baltimore_Ravens_logo.svg.png,https://upload.wikimedia.org/wikipedia/en/thumb/1/16/Baltimore_Ravens_logo.svg/1024px-Baltimore_Ravens_logo.svg.png
Boston_Bruins,boston_bruins,Boston Bruins,5,nhl,1012,128, Atlantic, Atlantic,112,Eastern, Eastern Conference,NHL,101,boston,ma,us,230.0,Boston_Bruins_100th_anniversary_logo.svg.png,https://upload.wikimedia.org/wikipedia/commons/thumb/0/02/Boston_Bruins_100th_anniversary_logo.svg/1024px-Boston_Bruins_100th_anniversary_logo.svg.png
Boston_Celtics,boston_celtics,Boston Celtics,3,nba,1013,112, Atlantic, Atlantic,106,Eastern, Eastern Conference,NBA,101,boston,ma,us,230.0,Boston_Celtics.svg.png,https://upload.wikimedia.org/wikipedia/en/thumb/8/8f/Boston_Celtics.svg/922px-Boston_Celtics.svg.png
Boston_Red_Sox,boston_red_sox,Boston Red Sox,1,mlb,1014,103,East, AL East,102,AL, American League,MLB,102,boston,ma,us,148.0,RedSoxPrimary_HangingSocks.svg.png,https://upload.wikimedia.org/wikipedia/en/thumb/6/6d/RedSoxPrimary_HangingSocks.svg/1047px-RedSoxPrimary_HangingSocks.svg.png
Brooklyn_Nets,brooklyn_nets,Brooklyn Nets,3,nba,1015,112, Atlantic, Atlantic,106,Eastern, Eastern Conference,NBA,102,brooklyn,ny,us,114.0,Brooklyn_Nets_primary_icon_logo_2024.svg.png,https://upload.wikimedia.org/wikipedia/en/thumb/4/40/Brooklyn_Nets_primary_icon_logo_2024.svg/1024px-Brooklyn_Nets_primary_icon_logo_2024.svg.png
Buffalo_Bills,buffalo_bills,Buffalo Bills,4,nfl,1016,119,East, AFC East,109,AFC, American Football Conference,NFL,101,buffalo,ny,us,162.0,Buffalo_Bills_logo.svg.png,https://upload.wikimedia.org/wikipedia/en/thumb/7/77/Buffalo_Bills_logo.svg/1024px-Buffalo_Bills_logo.svg.png
Buffalo_Sabres,buffalo_sabres,Buffalo Sabres,5,nhl,1017,128, Atlantic, Atlantic,112,Eastern, Eastern Conference,NHL,102,buffalo,ny,us,169.0,Buffalo_Sabres_Logo.svg.png,https://upload.wikimedia.org/wikipedia/en/thumb/9/9e/Buffalo_Sabres_Logo.svg/1024px-Buffalo_Sabres_Logo.svg.png
Calgary_Flames,calgary_flames,Calgary Flames,5,nhl,1018,131,Pacific, Pacific,113,Western, Western Conference,NHL,126,calgary,ab,ca,214.0,Calgary_Flames_logo.svg.png,https://upload.wikimedia.org/wikipedia/en/thumb/6/61/Calgary_Flames_logo.svg/1198px-Calgary_Flames_logo.svg.png
Carolina_Hurricanes,carolina_hurricanes,Carolina Hurricanes,5,nhl,1019,129,Metropolitan, Metropolitan,112,Eastern, Eastern Conference,NHL,109,raleigh,nc,us,172.0,Carolina_Hurricanes.svg.png,https://upload.wikimedia.org/wikipedia/en/thumb/3/32/Carolina_Hurricanes.svg/1024px-Carolina_Hurricanes.svg.png
Carolina_Panthers,carolina_panthers,Carolina Panthers,4,nfl,1020,125,South, NFC South,110,NFC, National Football Conference,NFL,126,charlotte,nc,us,113.0,Carolina_Panthers_logo.svg.png,https://upload.wikimedia.org/wikipedia/en/thumb/1/1c/Carolina_Panthers_logo.svg/1024px-Carolina_Panthers_logo.svg.png
Cf_Montréal,cf_montréal,CF Montréal,2,mls,1021,109,Eastern, Eastern Conference,105,Eastern, Eastern Conference,MLS,108,montreal,qc,ca,212.0,CF_Montreal_logo_2023.svg.png,https://upload.wikimedia.org/wikipedia/en/thumb/d/d9/CF_Montreal_logo_2023.svg/1024px-CF_Montreal_logo_2023.svg.png
Charlotte_Fc,charlotte_fc,Charlotte FC,2,mls,1022,109,Eastern, Eastern Conference,105,Eastern, Eastern Conference,MLS,102,charlotte,nc,us,113.0,Charlotte_FC_logo.svg.png,https://upload.wikimedia.org/wikipedia/en/thumb/9/91/Charlotte_FC_logo.svg/1024px-Charlotte_FC_logo.svg.png
Charlotte_Hornets,charlotte_hornets,Charlotte Hornets,3,nba,1023,114,Southeast, Southeast,106,Eastern, Eastern Conference,NBA,112,charlotte,nc,us,220.0,Charlotte_Hornets_(2014).svg.png,https://upload.wikimedia.org/wikipedia/en/thumb/c/c4/Charlotte_Hornets_%282014%29.svg/1055px-Charlotte_Hornets_%282014%29.svg.png
Chicago_Bears,chicago_bears,Chicago Bears,4,nfl,1024,124,North, NFC North,110,NFC, National Football Conference,NFL,121,chicago,il,us,219.0,Chicago_Bears_logo_primary.svg.png,https://upload.wikimedia.org/wikipedia/en/thumb/1/15/Chicago_Bears_logo_primary.svg/1032px-Chicago_Bears_logo_primary.svg.png
Chicago_Blackhawks,chicago_blackhawks,Chicago Blackhawks,5,nhl,1025,130,Central, Central,113,Western, Western Conference,NHL,117,chicago,il,us,237.0,Chicago_Blackhawks_logo.svg.png,https://upload.wikimedia.org/wikipedia/en/thumb/2/29/Chicago_Blackhawks_logo.svg/1174px-Chicago_Blackhawks_logo.svg.png
Chicago_Bulls,chicago_bulls,Chicago Bulls,3,nba,1026,113,Central, Central,106,Eastern, Eastern Conference,NBA,106,chicago,il,us,237.0,Chicago_Bulls_logo.svg.png,https://upload.wikimedia.org/wikipedia/en/thumb/6/67/Chicago_Bulls_logo.svg/1015px-Chicago_Bulls_logo.svg.png
Chicago_Cubs,chicago_cubs,Chicago Cubs,1,mlb,1027,105,Central, NL Central,103,NL, National League,MLB,121,chicago,il,us,239.0,Chicago_Cubs_logo.svg.png,https://upload.wikimedia.org/wikipedia/commons/thumb/8/80/Chicago_Cubs_logo.svg/1016px-Chicago_Cubs_logo.svg.png
Chicago_Fire_Fc,chicago_fire_fc,Chicago Fire FC,2,mls,1028,109,Eastern, Eastern Conference,105,Eastern, Eastern Conference,MLS,103,chicago,il,us,219.0,Chicago_Fire_logo.png,https://upload.wikimedia.org/wikipedia/commons/thumb/0/03/Chicago_Fire_logo%2C_2021.svg/1024px-Chicago_Fire_logo%2C_2021.svg.png
Chicago_Sky,chicago_sky,Chicago Sky,6,wnba,1029,133,Eastern, Eastern Conference,115,Eastern, Eastern Conference,WNBA,102,chicago,il,us,238.0,Chicago_Sky_logo.png,https://upload.wikimedia.org/wikipedia/en/thumb/f/fc/Chicago_Sky_logo.svg/892px-Chicago_Sky_logo.svg.png
Chicago_White_Sox,chicago_white_sox,Chicago White Sox,1,mlb,1030,102,Central, AL Central,102,AL, American League,MLB,106,chicago,il,us,205.0,Chicago_White_Sox.svg.png,https://upload.wikimedia.org/wikipedia/commons/thumb/c/c1/Chicago_White_Sox.svg/741px-Chicago_White_Sox.svg.png
Cincinnati_Bengals,cincinnati_bengals,Cincinnati Bengals,4,nfl,1031,120,North, AFC North,109,AFC, American Football Conference,NFL,106,cincinnati,oh,us,195.0,Cincinnati_Bengals_logo.svg.png,https://upload.wikimedia.org/wikipedia/commons/thumb/8/81/Cincinnati_Bengals_logo.svg/1024px-Cincinnati_Bengals_logo.svg.png
Cincinnati_Reds,cincinnati_reds,Cincinnati Reds,1,mlb,1032,105,Central, NL Central,103,NL, National League,MLB,122,cincinnati,oh,us,160.0,Cincinnati_Reds_Logo.svg.png,https://upload.wikimedia.org/wikipedia/commons/thumb/0/01/Cincinnati_Reds_Logo.svg/1024px-Cincinnati_Reds_Logo.svg.png
Cleveland_Browns,cleveland_browns,Cleveland Browns,4,nfl,1033,120,North, AFC North,109,AFC, American Football Conference,NFL,107,cleveland,oh,us,164.0,Cleveland_Browns_logo.svg.png,https://upload.wikimedia.org/wikipedia/en/thumb/d/d9/Cleveland_Browns_logo.svg/1010px-Cleveland_Browns_logo.svg.png
Cleveland_Cavaliers,cleveland_cavaliers,Cleveland Cavaliers,3,nba,1034,113,Central, Central,106,Eastern, Eastern Conference,NBA,107,cleveland,oh,us,207.0,Cleveland_Cavaliers_logo.svg.png,https://upload.wikimedia.org/wikipedia/commons/thumb/4/4b/Cleveland_Cavaliers_logo.svg/1189px-Cleveland_Cavaliers_logo.svg.png
Cleveland_Guardians,cleveland_guardians,Cleveland Guardians,1,mlb,1035,102,Central, AL Central,102,AL, American League,MLB,107,cleveland,oh,us,201.0,"Guardians_winged_""G"".svg.png",https://upload.wikimedia.org/wikipedia/en/thumb/a/a9/Guardians_winged_%22G%22.svg/1215px-Guardians_winged_%22G%22.svg.png
Colorado_Avalanche,colorado_avalanche,Colorado Avalanche,5,nhl,1036,130,Central, Central,113,Western, Western Conference,NHL,118,colorado,co,us,112.0,Colorado_Avalanche_logo.svg.png,https://upload.wikimedia.org/wikipedia/en/thumb/4/45/Colorado_Avalanche_logo.svg/1257px-Colorado_Avalanche_logo.svg.png
Colorado_Rapids,colorado_rapids,Colorado Rapids,2,mls,1037,110,Western, Western Conference,106,Western, Western Conference,MLS,117,denver,co,us,140.0,Colorado_Rapids_logo.svg.png,https://upload.wikimedia.org/wikipedia/en/thumb/2/2b/Colorado_Rapids_logo.svg/685px-Colorado_Rapids_logo.svg.png
Colorado_Rockies,colorado_rockies,Colorado Rockies,1,mlb,1038,107,West, NL West,103,NL, National League,MLB,117,denver,co,us,136.0,Colorado_Rockies_full_logo.svg.png,https://upload.wikimedia.org/wikipedia/en/thumb/c/c0/Colorado_Rockies_full_logo.svg/1024px-Colorado_Rockies_full_logo.svg.png
Columbus_Blue_Jackets,columbus_blue_jackets,Columbus Blue Jackets,5,nhl,1039,129,Metropolitan, Metropolitan,112,Eastern, Eastern Conference,NHL,110,columbus,oh,us,188.0,Columbus_Blue_Jackets_logo.svg.png,https://upload.wikimedia.org/wikipedia/en/thumb/5/5d/Columbus_Blue_Jackets_logo.svg/1183px-Columbus_Blue_Jackets_logo.svg.png
Columbus_Crew,columbus_crew,Columbus Crew,2,mls,1040,109,Eastern, Eastern Conference,105,Eastern, Eastern Conference,MLS,105,columbus,oh,us,177.0,Columbus_Crew_logo_2021.svg.png,https://upload.wikimedia.org/wikipedia/commons/thumb/d/dc/Columbus_Crew_logo_2021.svg/575px-Columbus_Crew_logo_2021.svg.png
Connecticut_Sun,connecticut_sun,Connecticut Sun,6,wnba,1041,133,Eastern, Eastern Conference,115,Eastern, Eastern Conference,WNBA,103,uncasville,ct,us,186.0,Connecticut_Sun_logo.svg.png,https://upload.wikimedia.org/wikipedia/en/thumb/0/09/Connecticut_Sun_logo.svg/930px-Connecticut_Sun_logo.svg.png
D.C._United,d.c._united,D.C. United,2,mls,1042,109,Eastern, Eastern Conference,105,Eastern, Eastern Conference,MLS,106,washington,dc,us,111.0,D.C._United_logo_(2016).svg.png,https://upload.wikimedia.org/wikipedia/en/thumb/3/32/D.C._United_logo_%282016%29.svg/967px-D.C._United_logo_%282016%29.svg.png
Dallas_Cowboys,dallas_cowboys,Dallas Cowboys,4,nfl,1043,123,East, NFC East,110,NFC, National Football Conference,NFL,117,dallas,tx,,110.0,Dallas_Cowboys.svg.png,https://upload.wikimedia.org/wikipedia/commons/thumb/1/15/Dallas_Cowboys.svg/1076px-Dallas_Cowboys.svg.png
Dallas_Mavericks,dallas_mavericks,Dallas Mavericks,3,nba,1044,117,Southwest, Southwest,107,Western, Western Conference,NBA,126,dallas,tx,us,106.0,Dallas_Mavericks_logo.svg.png,https://upload.wikimedia.org/wikipedia/en/thumb/9/97/Dallas_Mavericks_logo.svg/984px-Dallas_Mavericks_logo.svg.png
Dallas_Stars,dallas_stars,Dallas Stars,5,nhl,1045,130,Central, Central,113,Western, Western Conference,NHL,119,dallas,tx,us,106.0,Dallas_Stars_logo_(2013).svg.png,https://upload.wikimedia.org/wikipedia/en/thumb/c/ce/Dallas_Stars_logo_%282013%29.svg/1247px-Dallas_Stars_logo_%282013%29.svg.png
Dallas_Wings,dallas_wings,Dallas Wings,6,wnba,1046,134,Western, Western Conference,116,Western, Western Conference,WNBA,107,dallas,tx,us,134.0,Dallas_Wings_logo.png,https://upload.wikimedia.org/wikipedia/en/thumb/9/95/Dallas_Wings_logo.svg/1024px-Dallas_Wings_logo.svg.png
Denver_Broncos,denver_broncos,Denver Broncos,4,nfl,1047,122,West, AFC West,109,AFC, American Football Conference,NFL,113,denver,co,us,143.0,Denver_Broncos_logo.svg.png,https://upload.wikimedia.org/wikipedia/en/thumb/4/44/Denver_Broncos_logo.svg/1024px-Denver_Broncos_logo.svg.png
Denver_Nuggets,denver_nuggets,Denver Nuggets,3,nba,1048,115,Northwest, Northwest,107,Western, Western Conference,NBA,116,denver,co,us,112.0,Denver_Nuggets.svg.png,https://upload.wikimedia.org/wikipedia/en/thumb/7/76/Denver_Nuggets.svg/1024px-Denver_Nuggets.svg.png
Detroit_Lions,detroit_lions,Detroit Lions,4,nfl,1049,124,North, NFC North,110,NFC, National Football Conference,NFL,122,detroit,mi,us,150.0,Detroit_Lions_logo.svg.png,https://upload.wikimedia.org/wikipedia/en/thumb/7/71/Detroit_Lions_logo.svg/1007px-Detroit_Lions_logo.svg.png
Detroit_Pistons,detroit_pistons,Detroit Pistons,3,nba,1050,113,Central, Central,106,Eastern, Eastern Conference,NBA,108,detroit,mi,us,175.0,Logo_of_the_Detroit_Pistons.svg.png,https://upload.wikimedia.org/wikipedia/commons/thumb/c/c9/Logo_of_the_Detroit_Pistons.svg/1024px-Logo_of_the_Detroit_Pistons.svg.png
Detroit_Red_Wings,detroit_red_wings,Detroit Red Wings,5,nhl,1051,128, Atlantic, Atlantic,112,Eastern, Eastern Conference,NHL,103,detroit,mi,us,175.0,Detroit_Red_Wings_logo.svg.png,https://upload.wikimedia.org/wikipedia/en/thumb/e/e0/Detroit_Red_Wings_logo.svg/1024px-Detroit_Red_Wings_logo.svg.png
Detroit_Tigers,detroit_tigers,Detroit Tigers,1,mlb,1052,102,Central, AL Central,102,AL, American League,MLB,108,detroit,mi,us,135.0,Detroit_Tigers_logo.svg.png,https://upload.wikimedia.org/wikipedia/commons/thumb/e/e3/Detroit_Tigers_logo.svg/708px-Detroit_Tigers_logo.svg.png
Edmonton_Oilers,edmonton_oilers,Edmonton Oilers,5,nhl,1053,131,Pacific, Pacific,113,Western, Western Conference,NHL,127,edmonton,ab,ca,210.0,Logo_Edmonton_Oilers.svg.png,https://upload.wikimedia.org/wikipedia/en/thumb/4/4d/Logo_Edmonton_Oilers.svg/1024px-Logo_Edmonton_Oilers.svg.png
Fc_Cincinnati,fc_cincinnati,FC Cincinnati,2,mls,1054,109,Eastern, Eastern Conference,105,Eastern, Eastern Conference,MLS,104,cincinnati,oh,us,233.0,FC_Cincinnati_primary_logo_2018.svg.png,https://upload.wikimedia.org/wikipedia/en/thumb/7/78/FC_Cincinnati_primary_logo_2018.svg/989px-FC_Cincinnati_primary_logo_2018.svg.png
Fc_Dallas,fc_dallas,FC Dallas,2,mls,1055,110,Western, Western Conference,106,Western, Western Conference,MLS,118,dallas,tx,us,232.0,FC_Dallas_logo.svg.png,https://upload.wikimedia.org/wikipedia/en/thumb/c/c9/FC_Dallas_logo.svg/1021px-FC_Dallas_logo.svg.png
Florida_Panthers,florida_panthers,Florida Panthers,5,nhl,1056,128, Atlantic, Atlantic,112,Eastern, Eastern Conference,NHL,104,miami,fl,us,104.0,Florida_Panthers_2016_logo.svg.png,https://upload.wikimedia.org/wikipedia/en/thumb/4/43/Florida_Panthers_2016_logo.svg/916px-Florida_Panthers_2016_logo.svg.png
Golden_State_Valkyries,golden_state_valkyries,Golden State Valkyries,6,wnba,1057,134,Western, Western Conference,116,Western, Western Conference,WNBA,108,san_francisco,ca,us,127.0,Golden_State_Valkyries_logo.png,https://upload.wikimedia.org/wikipedia/en/7/79/Golden_State_Valkyries_logo.png
Golden_State_Warriors,golden_state_warriors,Golden State Warriors,3,nba,1058,116,Pacific, Pacific,107,Western, Western Conference,NBA,121,san_francisco,ca,us,127.0,Golden_State_Warriors_logo.svg.png,https://upload.wikimedia.org/wikipedia/en/thumb/0/01/Golden_State_Warriors_logo.svg/847px-Golden_State_Warriors_logo.svg.png
Green_Bay_Packers,green_bay_packers,Green Bay Packers,4,nfl,1059,124,North, NFC North,110,NFC, National Football Conference,NFL,123,green_bay,wi,us,171.0,Green_Bay_Packers_logo.svg.png,https://upload.wikimedia.org/wikipedia/commons/thumb/5/50/Green_Bay_Packers_logo.svg/1024px-Green_Bay_Packers_logo.svg.png
Houston_Astros,houston_astros,Houston Astros,1,mlb,1060,104,West, AL West,102,AL, American League,MLB,111,houston,tx,us,138.0,Houston-Astros-Logo.svg.png,https://upload.wikimedia.org/wikipedia/commons/thumb/6/6b/Houston-Astros-Logo.svg/1024px-Houston-Astros-Logo.svg.png
Houston_Dynamo_Fc,houston_dynamo_fc,Houston Dynamo FC,2,mls,1061,110,Western, Western Conference,106,Western, Western Conference,MLS,119,houston,tx,us,215.0,Houston_Dynamo_FC_logo.svg.png,https://upload.wikimedia.org/wikipedia/en/thumb/6/66/Houston_Dynamo_FC_logo.svg/834px-Houston_Dynamo_FC_logo.svg.png
Houston_Rockets,houston_rockets,Houston Rockets,3,nba,1062,117,Southwest, Southwest,107,Western, Western Conference,NBA,127,houston,tx,us,231.0,Houston_Rockets.svg.png,https://upload.wikimedia.org/wikipedia/en/thumb/2/28/Houston_Rockets.svg/772px-Houston_Rockets.svg.png
Houston_Texans,houston_texans,Houston Texans,4,nfl,1063,121,South, AFC South,109,AFC, American Football Conference,NFL,109,houston,tx,us,191.0,Houston_Texans_logo.svg.png,https://upload.wikimedia.org/wikipedia/en/thumb/2/28/Houston_Texans_logo.svg/1122px-Houston_Texans_logo.svg.png
Indiana_Fever,indiana_fever,Indiana Fever,6,wnba,1064,133,Eastern, Eastern Conference,115,Eastern, Eastern Conference,WNBA,104,indiana,in,us,152.0,Indiana_Fever_logo.svg.png,https://upload.wikimedia.org/wikipedia/en/thumb/5/54/Indiana_Fever_logo.svg/1079px-Indiana_Fever_logo.svg.png
Indiana_Pacers,indiana_pacers,Indiana Pacers,3,nba,1065,113,Central, Central,106,Eastern, Eastern Conference,NBA,109,indiana,in,us,152.0,Indiana_Pacers.svg.png,https://upload.wikimedia.org/wikipedia/en/thumb/1/1b/Indiana_Pacers.svg/1024px-Indiana_Pacers.svg.png
Indianapolis_Colts,indianapolis_colts,Indianapolis Colts,4,nfl,1066,121,South, AFC South,109,AFC, American Football Conference,NFL,110,indianapolis,in,us,178.0,Indianapolis_Colts_logo.svg.png,https://upload.wikimedia.org/wikipedia/commons/thumb/0/00/Indianapolis_Colts_logo.svg/974px-Indianapolis_Colts_logo.svg.png
Inter_Miami_Cf,inter_miami_cf,Inter Miami CF,2,mls,1067,109,Eastern, Eastern Conference,105,Eastern, Eastern Conference,MLS,107,miami,fl,us,129.0,Inter_Miami_CF_logo.svg.png,https://upload.wikimedia.org/wikipedia/en/thumb/5/5c/Inter_Miami_CF_logo.svg/1024px-Inter_Miami_CF_logo.svg.png
Jacksonville_Jaguars,jacksonville_jaguars,Jacksonville Jaguars,4,nfl,1068,121,South, AFC South,109,AFC, American Football Conference,NFL,111,jacksonville,fl,us,146.0,Jacksonville_Jaguars_logo.svg.png,https://upload.wikimedia.org/wikipedia/en/thumb/7/74/Jacksonville_Jaguars_logo.svg/1022px-Jacksonville_Jaguars_logo.svg.png
Kansas_City_Chiefs,kansas_city_chiefs,Kansas City Chiefs,4,nfl,1069,122,West, AFC West,109,AFC, American Football Conference,NFL,114,kansas_city,mo,us,109.0,Kansas_City_Chiefs_logo.svg.png,https://upload.wikimedia.org/wikipedia/en/thumb/e/e1/Kansas_City_Chiefs_logo.svg/1024px-Kansas_City_Chiefs_logo.svg.png
Kansas_City_Royals,kansas_city_royals,Kansas City Royals,1,mlb,1070,102,Central, AL Central,102,AL, American League,MLB,109,kansas_city,mo,us,168.0,Kansas_City_Royals_Primary_Logo.svg.png,https://upload.wikimedia.org/wikipedia/commons/thumb/7/78/Kansas_City_Royals_Primary_Logo.svg/660px-Kansas_City_Royals_Primary_Logo.svg.png
La_Clippers,la_clippers,Los Angeles Clippers,3,nba,1071,116,Pacific, Pacific,107,Western, Western Conference,NBA,122,los_angeles,ca,us,166.0,Los_Angeles_Clippers_(2024).svg.png,https://upload.wikimedia.org/wikipedia/en/thumb/e/ed/Los_Angeles_Clippers_%282024%29.svg/1024px-Los_Angeles_Clippers_%282024%29.svg.png
La_Galaxy,la_galaxy,Los Angeles Galaxy,2,mls,1072,110,Western, Western Conference,106,Western, Western Conference,MLS,120,los_angeles,ca,us,141.0,Los_Angeles_Galaxy_logo.svg.png,https://upload.wikimedia.org/wikipedia/commons/thumb/7/70/Los_Angeles_Galaxy_logo.svg/805px-Los_Angeles_Galaxy_logo.svg.png
Las_Vegas_Aces,las_vegas_aces,Las Vegas Aces,6,wnba,1073,134,Western, Western Conference,116,Western, Western Conference,WNBA,109,las_vegas,nv,us,184.0,New_Las_Vegas_Aces_logo.png,https://upload.wikimedia.org/wikipedia/en/thumb/f/ff/New_Las_Vegas_Aces_WNBA_logo_2024.svg/1024px-New_Las_Vegas_Aces_WNBA_logo_2024.svg.png
Las_Vegas_Raiders,las_vegas_raiders,Las Vegas Raiders,4,nfl,1074,122,West, AFC West,109,AFC, American Football Conference,NFL,115,las_vegas,nv,us,102.0,Las_Vegas_Raiders_logo.svg.png,https://upload.wikimedia.org/wikipedia/en/thumb/4/48/Las_Vegas_Raiders_logo.svg/964px-Las_Vegas_Raiders_logo.svg.png
Los_Angeles_Angels,los_angeles_angels,Los Angeles Angels,1,mlb,1075,104,West, AL West,102,AL, American League,MLB,112,los_angeles,ca,us,108.0,Los_Angeles_Angels_of_Anaheim.svg.png,https://upload.wikimedia.org/wikipedia/commons/thumb/8/8b/Los_Angeles_Angels_of_Anaheim.svg/766px-Los_Angeles_Angels_of_Anaheim.svg.png
Los_Angeles_Chargers,los_angeles_chargers,Los Angeles Chargers,4,nfl,1076,122,West, AFC West,109,AFC, American Football Conference,NFL,116,los_angeles,ca,us,218.0,Los_Angeles_Chargers_logo.svg.png,https://upload.wikimedia.org/wikipedia/commons/thumb/a/a6/Los_Angeles_Chargers_logo.svg/1024px-Los_Angeles_Chargers_logo.svg.png
Los_Angeles_Dodgers,los_angeles_dodgers,Los Angeles Dodgers,1,mlb,1077,107,West, NL West,103,NL, National League,MLB,118,los_angeles,ca,us,142.0,Los_Angeles_Dodgers_Logo.svg.png,https://upload.wikimedia.org/wikipedia/commons/thumb/0/0e/Los_Angeles_Dodgers_Logo.svg/988px-Los_Angeles_Dodgers_Logo.svg.png
Los_Angeles_Fc,los_angeles_fc,Los Angeles FC,2,mls,1078,110,Western, Western Conference,106,Western, Western Conference,MLS,121,los_angeles,ca,us,119.0,Los_Angeles_Football_Club.svg.png,https://upload.wikimedia.org/wikipedia/commons/thumb/8/86/Los_Angeles_Football_Club.svg/752px-Los_Angeles_Football_Club.svg.png
Los_Angeles_Kings,los_angeles_kings,Los Angeles Kings,5,nhl,1079,131,Pacific, Pacific,113,Western, Western Conference,NHL,128,los_angeles,ca,us,137.0,Los_Angeles_Kings_2024_Logo.svg.png,https://upload.wikimedia.org/wikipedia/en/thumb/c/c4/Los_Angeles_Kings_2024_Logo.svg/1024px-Los_Angeles_Kings_2024_Logo.svg.png
Los_Angeles_Lakers,los_angeles_lakers,Los Angeles Lakers,3,nba,1080,116,Pacific, Pacific,107,Western, Western Conference,NBA,123,los_angeles,ca,us,137.0,Los_Angeles_Lakers_logo.svg.png,https://upload.wikimedia.org/wikipedia/commons/thumb/3/3c/Los_Angeles_Lakers_logo.svg/1024px-Los_Angeles_Lakers_logo.svg.png
Los_Angeles_Rams,los_angeles_rams,Los Angeles Rams,4,nfl,1081,126,West, NFC West,110,NFC, National Football Conference,NFL,130,los_angeles,ca,us,218.0,Los_Angeles_Rams_logo.svg.png,https://upload.wikimedia.org/wikipedia/en/thumb/8/8a/Los_Angeles_Rams_logo.svg/1024px-Los_Angeles_Rams_logo.svg.png
Los_Angeles_Sparks,los_angeles_sparks,Los Angeles Sparks,6,wnba,1082,134,Western, Western Conference,116,Western, Western Conference,WNBA,110,los_angeles,ca,us,137.0,Los_Angeles_Sparks_logo.png,https://upload.wikimedia.org/wikipedia/en/thumb/9/9f/Los_Angeles_Sparks_logo.svg/1024px-Los_Angeles_Sparks_logo.svg.png
Memphis_Grizzlies,memphis_grizzlies,Memphis Grizzlies,3,nba,1083,117,Southwest, Southwest,107,Western, Western Conference,NBA,128,memphis,tn,us,147.0,Memphis_Grizzlies.svg.png,https://upload.wikimedia.org/wikipedia/en/thumb/f/f1/Memphis_Grizzlies.svg/848px-Memphis_Grizzlies.svg.png
Miami_Dolphins,miami_dolphins,Miami Dolphins,4,nfl,1084,119,East, AFC East,109,AFC, American Football Conference,NFL,102,miami,fl,us,161.0,Miami_Dolphins_logo.svg.png,https://upload.wikimedia.org/wikipedia/en/thumb/3/37/Miami_Dolphins_logo.svg/1280px-Miami_Dolphins_logo.svg.png
Miami_Heat,miami_heat,Miami Heat,3,nba,1085,114,Southeast, Southeast,106,Eastern, Eastern Conference,NBA,113,miami,fl,us,167.0,Miami_Heat_logo.svg.png,https://upload.wikimedia.org/wikipedia/en/thumb/f/fb/Miami_Heat_logo.svg/742px-Miami_Heat_logo.svg.png
Miami_Marlins,miami_marlins,Miami Marlins,1,mlb,1086,106,East, NL East,103,NL, National League,MLB,127,miami,fl,us,176.0,Marlins_team_logo.svg.png,https://upload.wikimedia.org/wikipedia/en/thumb/f/fd/Marlins_team_logo.svg/1051px-Marlins_team_logo.svg.png
Milwaukee_Brewers,milwaukee_brewers,Milwaukee Brewers,1,mlb,1087,105,Central, NL Central,103,NL, National League,MLB,123,milwaukee,wi,us,107.0,Milwaukee_Brewers_logo.svg.png,https://upload.wikimedia.org/wikipedia/en/thumb/b/b8/Milwaukee_Brewers_logo.svg/1024px-Milwaukee_Brewers_logo.svg.png
Milwaukee_Bucks,milwaukee_bucks,Milwaukee Bucks,3,nba,1088,113,Central, Central,106,Eastern, Eastern Conference,NBA,110,milwaukee,wi,us,149.0,Milwaukee_Bucks_logo.svg.png,https://upload.wikimedia.org/wikipedia/en/thumb/4/4a/Milwaukee_Bucks_logo.svg/826px-Milwaukee_Bucks_logo.svg.png
Minnesota_Lynx,minnesota_lynx,Minnesota Lynx,6,wnba,1089,134,Western, Western Conference,116,Western, Western Conference,WNBA,111,minneapolis,mn,us,228.0,Minnesota_Lynx_logo.svg.png,https://upload.wikimedia.org/wikipedia/en/thumb/7/75/Minnesota_Lynx_logo.svg/1092px-Minnesota_Lynx_logo.svg.png
Minnesota_Timberwolves,minnesota_timberwolves,Minnesota Timberwolves,3,nba,1090,115,Northwest, Northwest,107,Western, Western Conference,NBA,117,minneapolis,mn,us,228.0,Minnesota_Timberwolves_logo.svg.png,https://upload.wikimedia.org/wikipedia/en/thumb/c/c2/Minnesota_Timberwolves_logo.svg/1024px-Minnesota_Timberwolves_logo.svg.png
Minnesota_Twins,minnesota_twins,Minnesota Twins,1,mlb,1091,102,Central, AL Central,102,AL, American League,MLB,110,minneapolis,mn,us,229.0,Minnesota_Twins_New_Logo.svg.png,https://upload.wikimedia.org/wikipedia/commons/thumb/1/17/Minnesota_Twins_New_Logo.svg/1046px-Minnesota_Twins_New_Logo.svg.png
Minnesota_United_Fc,minnesota_united_fc,Minnesota United FC,2,mls,1092,110,Western, Western Conference,106,Western, Western Conference,MLS,122,minneapolis,mn,us,103.0,Minnesota_United_FC_(MLS)_Primary_logo.svg.png,https://upload.wikimedia.org/wikipedia/en/thumb/e/e8/Minnesota_United_FC_%28MLS%29_Primary_logo.svg/654px-Minnesota_United_FC_%28MLS%29_Primary_logo.svg.png
Minnesota_Vikings,minnesota_vikings,Minnesota Vikings,4,nfl,1093,124,North, NFC North,110,NFC, National Football Conference,NFL,124,minneapolis,mn,us,235.0,Minnesota_Vikings_logo.svg.png,https://upload.wikimedia.org/wikipedia/en/thumb/4/48/Minnesota_Vikings_logo.svg/834px-Minnesota_Vikings_logo.svg.png
Minnesota_Wild,minnesota_wild,Minnesota Wild,5,nhl,1094,130,Central, Central,113,Western, Western Conference,NHL,120,minneapolis,mn,us,159.0,Minnesota_Wild.svg.png,https://upload.wikimedia.org/wikipedia/en/thumb/1/1b/Minnesota_Wild.svg/1024px-Minnesota_Wild.svg.png
MLB,mlb,Major League Baseball,1,mlb,1000,101,UA,Unaffiliated,101,UA,Unaffiliated,MLB,100,new_york,ny,us,,Major_League_Baseball_logo.svg.png,https://upload.wikimedia.org/wikipedia/commons/thumb/a/a6/Major_League_Baseball_logo.svg/1024px-Major_League_Baseball_logo.svg.png
MLS,mls,Major League Soccer,2,mls,1000,108,UA,Unaffiliated,104,UA,Unaffiliated,MLS,100,new_york,ny,us,,MLS_logo.png,https://upload.wikimedia.org/wikipedia/commons/thumb/7/76/MLS_crest_logo_RGB_gradient.svg/969px-MLS_crest_logo_RGB_gradient.svg.png
Montreal_Canadiens,montreal_canadiens,Montreal Canadiens,5,nhl,1095,128, Atlantic, Atlantic,112,Eastern, Eastern Conference,NHL,105,montreal,qc,ca,116.0,Montreal_Canadiens.svg.png,https://upload.wikimedia.org/wikipedia/commons/thumb/6/69/Montreal_Canadiens.svg/1024px-Montreal_Canadiens.svg.png
Nashville_Predators,nashville_predators,Nashville Predators,5,nhl,1096,130,Central, Central,113,Western, Western Conference,NHL,121,nashville,tn,us,120.0,Nashville_Predators_Logo_(2011).svg.png,https://upload.wikimedia.org/wikipedia/en/thumb/9/9c/Nashville_Predators_Logo_%282011%29.svg/1024px-Nashville_Predators_Logo_%282011%29.svg.png
Nashville_Sc,nashville_sc,Nashville SC,2,mls,1097,109,Eastern, Eastern Conference,105,Eastern, Eastern Conference,MLS,109,nashville,tn,us,154.0,"Nashville_SC_logo,_2020.svg.png",https://upload.wikimedia.org/wikipedia/commons/thumb/b/bc/Nashville_SC_logo%2C_2020.svg/960px-Nashville_SC_logo%2C_2020.svg.png
NBA,nba,National Basketball Association,3,nba,1000,111,UA,Unaffiliated,105,UA,Unaffiliated,NBA,100,new_york,ny,us,,NBA_logo.svg.png,https://upload.wikimedia.org/wikipedia/en/thumb/0/03/National_Basketball_Association_logo.svg/451px-National_Basketball_Association_logo.svg.png
New_England_Patriots,new_england_patriots,New England Patriots,4,nfl,1098,119,East, AFC East,109,AFC, American Football Conference,NFL,103,foxborough,ma,us,156.0,New_England_Patriots_logo.svg.png,https://upload.wikimedia.org/wikipedia/en/thumb/b/b9/New_England_Patriots_logo.svg/1024px-New_England_Patriots_logo.svg.png
New_England_Revolution,new_england_revolution,New England Revolution,2,mls,1099,109,Eastern, Eastern Conference,105,Eastern, Eastern Conference,MLS,110,foxborough,ma,us,156.0,New_England_Revolution_(2021)_logo.svg.png,https://upload.wikimedia.org/wikipedia/en/thumb/3/38/New_England_Revolution_%282021%29_logo.svg/1024px-New_England_Revolution_%282021%29_logo.svg.png
New_Jersey_Devils,new_jersey_devils,New Jersey Devils,5,nhl,1100,129,Metropolitan, Metropolitan,112,Eastern, Eastern Conference,NHL,111,newark,nj,us,203.0,New_Jersey_Devils_logo.svg.png,https://upload.wikimedia.org/wikipedia/en/thumb/9/9f/New_Jersey_Devils_logo.svg/1001px-New_Jersey_Devils_logo.svg.png
New_Orleans_Pelicans,new_orleans_pelicans,New Orleans Pelicans,3,nba,1101,117,Southwest, Southwest,107,Western, Western Conference,NBA,129,new_orleans,la,us,216.0,New_Orleans_Pelicans_logo.svg.png,https://upload.wikimedia.org/wikipedia/en/thumb/0/0d/New_Orleans_Pelicans_logo.svg/1024px-New_Orleans_Pelicans_logo.svg.png
New_Orleans_Saints,new_orleans_saints,New Orleans Saints,4,nfl,1102,125,South, NFC South,110,NFC, National Football Conference,NFL,127,new_orleans,la,us,122.0,New_Orleans_Saints_logo.svg.png,https://upload.wikimedia.org/wikipedia/commons/thumb/5/50/New_Orleans_Saints_logo.svg/840px-New_Orleans_Saints_logo.svg.png
New_York_City_Fc,new_york_city_fc,New York City FC,2,mls,1103,109,Eastern, Eastern Conference,105,Eastern, Eastern Conference,MLS,111,new_york,ny,us,241.0,Logo_New_York_City_FC_2025.svg.png,https://upload.wikimedia.org/wikipedia/commons/thumb/e/eb/Logo_New_York_City_FC_2025.svg/1024px-Logo_New_York_City_FC_2025.svg.png
New_York_Giants,new_york_giants,New York Giants,4,nfl,1104,123,East, NFC East,110,NFC, National Football Conference,NFL,118,new_york,ny,us,183.0,New_York_Giants_logo.svg.png,https://upload.wikimedia.org/wikipedia/commons/thumb/6/60/New_York_Giants_logo.svg/988px-New_York_Giants_logo.svg.png
New_York_Islanders,new_york_islanders,New York Islanders,5,nhl,1105,129,Metropolitan, Metropolitan,112,Eastern, Eastern Conference,NHL,112,new_york,ny,us,236.0,Logo_New_York_Islanders.svg.png,https://upload.wikimedia.org/wikipedia/en/thumb/4/42/Logo_New_York_Islanders.svg/1062px-Logo_New_York_Islanders.svg.png
New_York_Jets,new_york_jets,New York Jets,4,nfl,1106,119,East, AFC East,109,AFC, American Football Conference,NFL,104,new_york,ny,us,183.0,New_York_Jets_2024.svg.png,https://upload.wikimedia.org/wikipedia/commons/thumb/6/69/New_York_Jets_2024.svg/1024px-New_York_Jets_2024.svg.png
New_York_Knicks,new_york_knicks,New York Knicks,3,nba,1107,112, Atlantic, Atlantic,106,Eastern, Eastern Conference,NBA,103,new_york,ny,us,181.0,New_York_Knicks_logo.svg.png,https://upload.wikimedia.org/wikipedia/en/thumb/2/25/New_York_Knicks_logo.svg/1261px-New_York_Knicks_logo.svg.png
New_York_Liberty,new_york_liberty,New York Liberty,6,wnba,1108,133,Eastern, Eastern Conference,115,Eastern, Eastern Conference,WNBA,105,new_york,ny,us,114.0,New_York_Liberty_logo.svg.png,https://upload.wikimedia.org/wikipedia/en/thumb/a/a1/New_York_Liberty_logo.svg/838px-New_York_Liberty_logo.svg.png
New_York_Mets,new_york_mets,New York Mets,1,mlb,1109,106,East, NL East,103,NL, National League,MLB,128,new_york,ny,us,131.0,New_York_Mets.svg.png,https://upload.wikimedia.org/wikipedia/en/thumb/7/7b/New_York_Mets.svg/1024px-New_York_Mets.svg.png
New_York_Rangers,new_york_rangers,New York Rangers,5,nhl,1110,129,Metropolitan, Metropolitan,112,Eastern, Eastern Conference,NHL,113,new_york,ny,us,181.0,440px-New_York_Rangers.svg.png,https://upload.wikimedia.org/wikipedia/commons/thumb/a/ae/New_York_Rangers.svg/1062px-New_York_Rangers.svg.png
New_York_Red_Bulls,new_york_red_bulls,New York Red Bulls,2,mls,1111,109,Eastern, Eastern Conference,105,Eastern, Eastern Conference,MLS,112,new_york,ny,us,221.0,New_York_Red_Bulls_logo.svg.png,https://upload.wikimedia.org/wikipedia/en/thumb/5/51/New_York_Red_Bulls_logo.svg/1271px-New_York_Red_Bulls_logo.svg.png
New_York_Yankees,new_york_yankees,New York Yankees,1,mlb,1112,103,East, AL East,102,AL, American League,MLB,103,new_york,ny,us,241.0,New_York_Yankees_Primary_Logo.svg.png,https://upload.wikimedia.org/wikipedia/commons/thumb/f/fe/New_York_Yankees_Primary_Logo.svg/926px-New_York_Yankees_Primary_Logo.svg.png
NFL,nfl,National Football League,4,nfl,1000,118,UA,Unaffiliated,108,UA,Unaffiliated,NFL,100,new_york,ny,us,,National_Football_League_logo.svg.png,https://upload.wikimedia.org/wikipedia/en/thumb/a/a2/National_Football_League_logo.svg/745px-National_Football_League_logo.svg.png
NHL,nhl,National Hockey League,5,nhl,1000,127,UA,Unaffiliated,111,UA,Unaffiliated,NHL,100,new_york,ny,us,,05_NHL_Shield.svg.png,https://upload.wikimedia.org/wikipedia/en/thumb/3/3a/05_NHL_Shield.svg/902px-05_NHL_Shield.svg.png
Oakland_Athletics,oakland_athletics,Oakland Athletics,1,mlb,1113,104,West, AL West,102,AL, American League,MLB,113,west_sacramento,ca,us,225.0,athletics_logo.png,https://upload.wikimedia.org/wikipedia/commons/thumb/b/b8/Athletics_logo.svg/1237px-Athletics_logo.svg.png
Oklahoma_City_Thunder,oklahoma_city_thunder,Oklahoma City Thunder,3,nba,1114,115,Northwest, Northwest,107,Western, Western Conference,NBA,118,oklahoma_city,ok,us,194.0,Oklahoma_City_Thunder.svg.png,https://upload.wikimedia.org/wikipedia/en/thumb/5/5d/Oklahoma_City_Thunder.svg/1114px-Oklahoma_City_Thunder.svg.png
Orlando_City_Sc,orlando_city_sc,Orlando City SC,2,mls,1115,109,Eastern, Eastern Conference,105,Eastern, Eastern Conference,MLS,113,orlando,fl,us,165.0,Orlando_City_2014.svg.png,https://upload.wikimedia.org/wikipedia/en/thumb/6/6a/Orlando_City_2014.svg/897px-Orlando_City_2014.svg.png
Orlando_Magic,orlando_magic,Orlando Magic,3,nba,1116,114,Southeast, Southeast,106,Eastern, Eastern Conference,NBA,114,orlando,fl,us,170.0,Orlando_Magic_logo.svg.png,https://upload.wikimedia.org/wikipedia/en/thumb/1/10/Orlando_Magic_logo.svg/1218px-Orlando_Magic_logo.svg.png
Ottawa_Senators,ottawa_senators,Ottawa Senators,5,nhl,1117,128, Atlantic, Atlantic,112,Eastern, Eastern Conference,NHL,106,ottawa,on,ca,124.0,Ottawa_Senators_2020-2021_logo.svg.png,https://upload.wikimedia.org/wikipedia/en/thumb/b/b2/Ottawa_Senators_2020-2021_logo.svg/966px-Ottawa_Senators_2020-2021_logo.svg.png
Philadelphia_76Ers,philadelphia_76ers,Philadelphia 76ers,3,nba,1118,112, Atlantic, Atlantic,106,Eastern, Eastern Conference,NBA,104,philadelphia,pa,us,240.0,Philadelphia_76ers_logo.svg.png,https://upload.wikimedia.org/wikipedia/en/thumb/0/0e/Philadelphia_76ers_logo.svg/1024px-Philadelphia_76ers_logo.svg.png
Philadelphia_Eagles,philadelphia_eagles,Philadelphia Eagles,4,nfl,1119,123,East, NFC East,110,NFC, National Football Conference,NFL,119,philadelphia,pa,us,174.0,Philadelphia_Eagles_logo.svg.png,https://upload.wikimedia.org/wikipedia/en/thumb/8/8e/Philadelphia_Eagles_logo.svg/1024px-Philadelphia_Eagles_logo.svg.png
Philadelphia_Flyers,philadelphia_flyers,Philadelphia Flyers,5,nhl,1120,129,Metropolitan, Metropolitan,112,Eastern, Eastern Conference,NHL,114,philadelphia,pa,us,240.0,Philadelphia_Flyers.svg.png,https://upload.wikimedia.org/wikipedia/en/thumb/d/dc/Philadelphia_Flyers.svg/1024px-Philadelphia_Flyers.svg.png
Philadelphia_Phillies,philadelphia_phillies,Philadelphia Phillies,1,mlb,1121,106,East, NL East,103,NL, National League,MLB,129,philadelphia,pa,us,132.0,Philadelphia_Phillies_(2019)_logo.svg.png,https://upload.wikimedia.org/wikipedia/en/thumb/f/f0/Philadelphia_Phillies_%282019%29_logo.svg/1153px-Philadelphia_Phillies_%282019%29_logo.svg.png
Philadelphia_Union,philadelphia_union,Philadelphia Union,2,mls,1122,109,Eastern, Eastern Conference,105,Eastern, Eastern Conference,MLS,114,philadelphia,pa,us,224.0,Philadelphia_Union_2018_logo.svg.png,https://upload.wikimedia.org/wikipedia/en/thumb/4/46/Philadelphia_Union_2018_logo.svg/1024px-Philadelphia_Union_2018_logo.svg.png
Phoenix_Mercury,phoenix_mercury,Phoenix Mercury,6,wnba,1123,134,Western, Western Conference,116,Western, Western Conference,WNBA,112,phoenix,az,us,198.0,Phoenix_Mercury_logo.png,https://upload.wikimedia.org/wikipedia/en/thumb/a/a6/Phoenix_Mercury_logo.svg/1024px-Phoenix_Mercury_logo.svg.png
Phoenix_Suns,phoenix_suns,Phoenix Suns,3,nba,1124,116,Pacific, Pacific,107,Western, Western Conference,NBA,124,phoenix,az,us,198.0,Phoenix_Suns_logo.svg.png,https://upload.wikimedia.org/wikipedia/en/thumb/d/dc/Phoenix_Suns_logo.svg/1012px-Phoenix_Suns_logo.svg.png
Pittsburgh_Penguins,pittsburgh_penguins,Pittsburgh Penguins,5,nhl,1125,129,Metropolitan, Metropolitan,112,Eastern, Eastern Conference,NHL,115,pittsburgh,pa,us,200.0,Pittsburgh_Penguins_logo_(2016).svg.png,https://upload.wikimedia.org/wikipedia/en/thumb/c/c0/Pittsburgh_Penguins_logo_%282016%29.svg/1082px-Pittsburgh_Penguins_logo_%282016%29.svg.png
Pittsburgh_Pirates,pittsburgh_pirates,Pittsburgh Pirates,1,mlb,1126,105,Central, NL Central,103,NL, National League,MLB,124,pittsburgh,pa,us,199.0,Pittsburgh_Pirates_Cap_Insignia.svg.png,https://upload.wikimedia.org/wikipedia/commons/thumb/2/24/Pittsburgh_Pirates_Cap_Insignia.svg/1024px-Pittsburgh_Pirates_Cap_Insignia.svg.png
Pittsburgh_Steelers,pittsburgh_steelers,Pittsburgh Steelers,4,nfl,1127,120,North, AFC North,109,AFC, American Football Conference,NFL,108,pittsburgh,pa,us,101.0,Pittsburgh_Steelers_logo.svg.png,https://upload.wikimedia.org/wikipedia/commons/thumb/d/de/Pittsburgh_Steelers_logo.svg/1024px-Pittsburgh_Steelers_logo.svg.png
Portland_Timbers,portland_timbers,Portland Timbers,2,mls,1128,110,Western, Western Conference,106,Western, Western Conference,MLS,123,portland,orleans,us,202.0,Portland_Timbers_logo.svg.png,https://upload.wikimedia.org/wikipedia/en/thumb/3/35/Portland_Timbers_logo.svg/983px-Portland_Timbers_logo.svg.png
Portland_Trail_Blazers,portland_trail_blazers,Portland Trail Blazers,3,nba,1129,115,Northwest, Northwest,107,Western, Western Conference,NBA,119,portland,or,us,185.0,Portland_Trail_Blazers_logo.svg.png,https://upload.wikimedia.org/wikipedia/en/thumb/2/21/Portland_Trail_Blazers_logo.svg/1198px-Portland_Trail_Blazers_logo.svg.png
Real_Salt_Lake,real_salt_lake,Real Salt Lake,2,mls,1130,110,Western, Western Conference,106,Western, Western Conference,MLS,124,salt_lake_city,ut,us,105.0,Real_Salt_Lake_2010.svg.png,https://upload.wikimedia.org/wikipedia/en/thumb/5/54/Real_Salt_Lake_2010.svg/759px-Real_Salt_Lake_2010.svg.png
Sacramento_Kings,sacramento_kings,Sacramento Kings,3,nba,1131,116,Pacific, Pacific,107,Western, Western Conference,NBA,125,sacramento,ca,us,158.0,SacramentoKings.svg.png,https://upload.wikimedia.org/wikipedia/en/thumb/c/c7/SacramentoKings.svg/898px-SacramentoKings.svg.png
San_Antonio_Spurs,san_antonio_spurs,San Antonio Spurs,3,nba,1132,117,Southwest, Southwest,107,Western, Western Conference,NBA,130,san_antonio,tx,us,151.0,San_Antonio_Spurs.svg.png,https://upload.wikimedia.org/wikipedia/en/thumb/a/a2/San_Antonio_Spurs.svg/1024px-San_Antonio_Spurs.svg.png
San_Diego_Fc,san_diego_fc,San Diego FC,2,mls,1133,110,Western, Western Conference,106,Western, Western Conference,MLS,125,san_diego,ca,us,217.0,San_Diego_FC_logo.svg.png,https://upload.wikimedia.org/wikipedia/en/thumb/6/6f/San_Diego_FC_logo.svg/781px-San_Diego_FC_logo.svg.png
San_Diego_Padres,san_diego_padres,San Diego Padres,1,mlb,1134,107,West, NL West,103,NL, National League,MLB,119,san_diego,ca,us,197.0,San_Diego_Padres_(2020)_cap_logo.svg.png,https://upload.wikimedia.org/wikipedia/commons/thumb/c/cb/San_Diego_Padres_%282020%29_cap_logo.svg/1024px-San_Diego_Padres_%282020%29_cap_logo.svg.png
San_Francisco_49Ers,san_francisco_49ers,San Francisco 49ers,4,nfl,1135,126,West, NFC West,110,NFC, National Football Conference,NFL,131,san_francisco,ca,us,173.0,San_Francisco_49ers_logo.svg.png,https://upload.wikimedia.org/wikipedia/commons/thumb/3/3a/San_Francisco_49ers_logo.svg/1024px-San_Francisco_49ers_logo.svg.png
San_Francisco_Giants,san_francisco_giants,San Francisco Giants,1,mlb,1136,107,West, NL West,103,NL, National League,MLB,120,san_francisco,ca,us,192.0,San_Francisco_Giants_Logo.svg.png,https://upload.wikimedia.org/wikipedia/en/thumb/5/58/San_Francisco_Giants_Logo.svg/1024px-San_Francisco_Giants_Logo.svg.png
San_Jose_Earthquakes,san_jose_earthquakes,San Jose Earthquakes,2,mls,1137,110,Western, Western Conference,106,Western, Western Conference,MLS,126,san_jose,ca,us,196.0,San_Jose_Earthquakes_2014.svg.png,https://upload.wikimedia.org/wikipedia/en/thumb/9/98/San_Jose_Earthquakes_2014.svg/823px-San_Jose_Earthquakes_2014.svg.png
San_Jose_Sharks,san_jose_sharks,San Jose Sharks,5,nhl,1138,131,Pacific, Pacific,113,Western, Western Conference,NHL,129,san_jose,ca,us,211.0,SanJoseSharksLogo.svg.png,https://upload.wikimedia.org/wikipedia/en/thumb/3/37/SanJoseSharksLogo.svg/1223px-SanJoseSharksLogo.svg.png
Seattle_Kraken,seattle_kraken,Seattle Kraken,5,nhl,1139,131,Pacific, Pacific,113,Western, Western Conference,NHL,130,seattle,wa,us,133.0,Seattle_Kraken_official_logo.svg.png,https://upload.wikimedia.org/wikipedia/en/thumb/4/48/Seattle_Kraken_official_logo.svg/815px-Seattle_Kraken_official_logo.svg.png
Seattle_Mariners,seattle_mariners,Seattle Mariners,1,mlb,1140,104,West, AL West,102,AL, American League,MLB,114,seattle,wa,us,227.0,Seattle_Mariners_logo_(low_res).svg.png,https://upload.wikimedia.org/wikipedia/en/thumb/6/6d/Seattle_Mariners_logo_%28low_res%29.svg/1024px-Seattle_Mariners_logo_%28low_res%29.svg.png
Seattle_Seahawks,seattle_seahawks,Seattle Seahawks,4,nfl,1141,126,West, NFC West,110,NFC, National Football Conference,NFL,132,seattle,wa,us,179.0,Seattle_Seahawks_logo.svg.png,https://upload.wikimedia.org/wikipedia/en/thumb/8/8e/Seattle_Seahawks_logo.svg/1024px-Seattle_Seahawks_logo.svg.png
Seattle_Sounders_Fc,seattle_sounders_fc,Seattle Sounders FC,2,mls,1142,110,Western, Western Conference,106,Western, Western Conference,MLS,127,seattle,wa,us,179.0,Seattle_Sounders_logo.svg.png,https://upload.wikimedia.org/wikipedia/en/thumb/8/84/Seattle_Sounders_logo.svg/850px-Seattle_Sounders_logo.svg.png
Seattle_Storm,seattle_storm,Seattle Storm,6,wnba,1143,134,Western, Western Conference,116,Western, Western Conference,WNBA,113,seattle,wa,us,133.0,Seattle_Storm_logo.png,https://upload.wikimedia.org/wikipedia/en/thumb/a/a0/Seattle_Storm_%282021%29_logo.svg/1132px-Seattle_Storm_%282021%29_logo.svg.png
Sporting_Kansas_City,sporting_kansas_city,Sporting Kansas City,2,mls,1144,110,Western, Western Conference,106,Western, Western Conference,MLS,128,kansas_city,ks,us,130.0,Sporting_Kansas_City_logo.svg.png,https://upload.wikimedia.org/wikipedia/commons/thumb/0/09/Sporting_Kansas_City_logo.svg/911px-Sporting_Kansas_City_logo.svg.png
St._Louis_Blues,st._louis_blues,St. Louis Blues,5,nhl,1145,130,Central, Central,113,Western, Western Conference,NHL,122,st_louis,mo,us,145.0,St._Louis_Blues_logo.svg.png,https://upload.wikimedia.org/wikipedia/en/thumb/e/ed/St._Louis_Blues_logo.svg/1280px-St._Louis_Blues_logo.svg.png
St._Louis_Cardinals,st._louis_cardinals,St. Louis Cardinals,1,mlb,1146,105,Central, NL Central,103,NL, National League,MLB,125,st_louis,mo,us,121.0,St._Louis_Cardinals_logo.svg.png,https://upload.wikimedia.org/wikipedia/en/thumb/9/9d/St._Louis_Cardinals_logo.svg/1074px-St._Louis_Cardinals_logo.svg.png
St._Louis_City_Sc,st._louis_city_sc,St. Louis City SC,2,mls,1147,110,Western, Western Conference,106,Western, Western Conference,MLS,129,st_louis,mo,us,144.0,St._Louis_City_SC_logo.svg.png,https://upload.wikimedia.org/wikipedia/en/thumb/b/b5/St._Louis_City_SC_logo.svg/786px-St._Louis_City_SC_logo.svg.png
Tampa_Bay_Buccaneers,tampa_bay_buccaneers,Tampa Bay Buccaneers,4,nfl,1148,125,South, NFC South,110,NFC, National Football Conference,NFL,128,tampa_bay,fl,us,206.0,Tampa_Bay_Buccaneers_logo.svg.png,https://upload.wikimedia.org/wikipedia/en/thumb/a/a2/Tampa_Bay_Buccaneers_logo.svg/1152px-Tampa_Bay_Buccaneers_logo.svg.png
Tampa_Bay_Lightning,tampa_bay_lightning,Tampa Bay Lightning,5,nhl,1149,128, Atlantic, Atlantic,112,Eastern, Eastern Conference,NHL,107,tampa_bay,fl,us,117.0,Tampa_Bay_Lightning_2011.svg.png,https://upload.wikimedia.org/wikipedia/commons/thumb/3/31/Tampa_Bay_Lightning_2011.svg/1099px-Tampa_Bay_Lightning_2011.svg.png
Tampa_Bay_Rays,tampa_bay_rays,Tampa Bay Rays,1,mlb,1150,103,East, AL East,102,AL, American League,MLB,104,tampa_bay,fl,us,155.0,Tampa_Bay_Rays_Logo.svg.png,https://upload.wikimedia.org/wikipedia/commons/thumb/5/55/Tampa_Bay_Rays_Logo.svg/1024px-Tampa_Bay_Rays_Logo.svg.png
Tennessee_Titans,tennessee_titans,Tennessee Titans,4,nfl,1151,121,South, AFC South,109,AFC, American Football Conference,NFL,112,nashville,tn,us,189.0,Tennessee_Titans_logo.svg.png,https://upload.wikimedia.org/wikipedia/en/thumb/c/c1/Tennessee_Titans_logo.svg/1024px-Tennessee_Titans_logo.svg.png
Texas_Rangers,texas_rangers,Texas Rangers,1,mlb,1152,104,West, AL West,102,AL, American League,MLB,115,arlington,tx,us,157.0,Texas_Rangers_logo.svg.png,https://upload.wikimedia.org/wikipedia/commons/thumb/c/c7/Texas_Rangers_logo.svg/1024px-Texas_Rangers_logo.svg.png
Toronto_Blue_Jays,toronto_blue_jays,Toronto Blue Jays,1,mlb,1153,103,East, AL East,102,AL, American League,MLB,105,toronto,on,ca,209.0,Toronto_Blue_Jay_Primary_Logo.svg.png,https://upload.wikimedia.org/wikipedia/en/thumb/c/cc/Toronto_Blue_Jay_Primary_Logo.svg/1188px-Toronto_Blue_Jay_Primary_Logo.svg.png
Toronto_Fc,toronto_fc,Toronto FC,2,mls,1154,109,Eastern, Eastern Conference,105,Eastern, Eastern Conference,MLS,115,toronto,on,ca,118.0,Toronto_FC_Logo.svg.png,https://upload.wikimedia.org/wikipedia/en/thumb/7/7c/Toronto_FC_Logo.svg/1095px-Toronto_FC_Logo.svg.png
Toronto_Maple_Leafs,toronto_maple_leafs,Toronto Maple Leafs,5,nhl,1155,128, Atlantic, Atlantic,112,Eastern, Eastern Conference,NHL,108,toronto,on,ca,213.0,Toronto_Maple_Leafs_2016_logo.svg.png,https://upload.wikimedia.org/wikipedia/en/thumb/b/b6/Toronto_Maple_Leafs_2016_logo.svg/917px-Toronto_Maple_Leafs_2016_logo.svg.png
Toronto_Raptors,toronto_raptors,Toronto Raptors,3,nba,1156,112, Atlantic, Atlantic,106,Eastern, Eastern Conference,NBA,105,toronto,on,ca,213.0,Toronto_Raptors_logo.svg.png,https://upload.wikimedia.org/wikipedia/en/thumb/3/36/Toronto_Raptors_logo.svg/1024px-Toronto_Raptors_logo.svg.png
Utah_Jazz,utah_jazz,Utah Jazz,3,nba,1157,115,Northwest, Northwest,107,Western, Western Conference,NBA,120,salt_lake_city,ut,us,139.0,Utah_Jazz_logo_2025.svg.png,https://upload.wikimedia.org/wikipedia/en/thumb/7/77/Utah_Jazz_logo_2025.svg/1024px-Utah_Jazz_logo_2025.svg.png
Utah_Mammoth,utah_mammoth,Utah Mammoth,5,nhl,1158,130,Central, Central,113,Western, Western Conference,NHL,123,salt_lake_city,ut,us,139.0,UtahMammoth.svg.png,https://upload.wikimedia.org/wikipedia/en/thumb/9/9c/UtahMammoth.svg/1024px-UtahMammoth.svg.png
Vancouver_Canucks,vancouver_canucks,Vancouver Canucks,5,nhl,1159,131,Pacific, Pacific,113,Western, Western Conference,NHL,131,vancouver,bc,ca,208.0,Vancouver_Canucks_logo.svg.png,https://upload.wikimedia.org/wikipedia/en/thumb/3/3a/Vancouver_Canucks_logo.svg/1060px-Vancouver_Canucks_logo.svg.png
Vancouver_Whitecaps_Fc,vancouver_whitecaps_fc,Vancouver Whitecaps FC,2,mls,1160,110,Western, Western Conference,106,Western, Western Conference,MLS,130,vancouver,bc,ca,115.0,Vancouver_Whitecaps_FC_logo.svg.png,https://upload.wikimedia.org/wikipedia/en/thumb/5/5d/Vancouver_Whitecaps_FC_logo.svg/791px-Vancouver_Whitecaps_FC_logo.svg.png
Vegas_Golden_Knights,vegas_golden_knights,Vegas Golden Knights,5,nhl,1161,131,Pacific, Pacific,113,Western, Western Conference,NHL,132,las_vegas,nv,us,226.0,Vegas_Golden_Knights_logo.svg.png,https://upload.wikimedia.org/wikipedia/en/thumb/a/ac/Vegas_Golden_Knights_logo.svg/757px-Vegas_Golden_Knights_logo.svg.png
Washington_Capitals,washington_capitals,Washington Capitals,5,nhl,1162,129,Metropolitan, Metropolitan,112,Eastern, Eastern Conference,NHL,116,washington,dc,us,125.0,Washington_Capitals.svg.png,https://upload.wikimedia.org/wikipedia/commons/thumb/2/2d/Washington_Capitals.svg/1024px-Washington_Capitals.svg.png
Washington_Commanders,washington_commanders,Washington Commanders,4,nfl,1163,123,East, NFC East,110,NFC, National Football Conference,NFL,120,washington,dc,us,190.0,Washington_Commanders_logo.svg.png,https://upload.wikimedia.org/wikipedia/commons/thumb/0/0c/Washington_Commanders_logo.svg/1024px-Washington_Commanders_logo.svg.png
Washington_Mystics,washington_mystics,Washington Mystics,6,wnba,1164,133,Eastern, Eastern Conference,115,Eastern, Eastern Conference,WNBA,106,washington,dc,us,126.0,Washington_Mystics_logo.svg.png,https://upload.wikimedia.org/wikipedia/en/thumb/7/79/Washington_Mystics_logo.svg/1200px-Washington_Mystics_logo.svg.png
Washington_Nationals,washington_nationals,Washington Nationals,1,mlb,1165,106,East, NL East,103,NL, National League,MLB,130,washington,dc,us,187.0,Washington_Nationals_logo.svg.png,https://upload.wikimedia.org/wikipedia/commons/thumb/a/a3/Washington_Nationals_logo.svg/1024px-Washington_Nationals_logo.svg.png
Washington_Wizards,washington_wizards,Washington Wizards,3,nba,1166,114,Southeast, Southeast,106,Eastern, Eastern Conference,NBA,115,washington,dc,us,125.0,Washington_Wizards_logo.svg.png,https://upload.wikimedia.org/wikipedia/en/thumb/0/02/Washington_Wizards_logo.svg/1024px-Washington_Wizards_logo.svg.png
Winnipeg_Jets,winnipeg_jets,Winnipeg Jets,5,nhl,1167,130,Central, Central,113,Western, Western Conference,NHL,124,winnipeg,mb,ca,123.0,Winnipeg_Jets_Logo_2011.svg.png,https://upload.wikimedia.org/wikipedia/en/thumb/9/93/Winnipeg_Jets_Logo_2011.svg/1024px-Winnipeg_Jets_Logo_2011.svg.png
WNBA,wnba,Women's National Basketball League,6,wnba,1000,132,UA,Unaffiliated,114,UA,Unaffiliated,WNBA,100,new_york,ny,us,0.0,wnba_logo.png,https://upload.wikimedia.org/wikipedia/en/thumb/9/97/WNBA_logo.svg/1024px-WNBA_logo.svg.png
